{"schemaVersion":"1.0","appDefinitionTemplate":{"id":"/providers/Microsoft.PowerApps/apps/","type":"Microsoft.PowerApps/apps","tags":{"primaryDeviceWidth":"1366","primaryDeviceHeight":"768","sienaVersion":"20230909T222944Z-3.23083.17.0","deviceCapabilities":"","supportsPortrait":"true","supportsLandscape":"true","primaryFormFactor":"Tablet","publisherVersion":"3.23083.17","minimumRequiredApiVersion":"2.2.0","hasComponent":"false","hasUnlockedComponent":"false","isUnifiedRootApp":"false","optimizedForTeamsMeeting":"false","showStatusBar":"false"},"properties":{"appVersion":"2023-09-09T22:29:44Z","lifeCycleId":"Published","createdByClientVersion":{"major":3,"minor":23083,"build":17,"revision":0,"majorRevision":0,"minorRevision":0},"minClientVersion":{"major":3,"minor":23083,"build":17,"revision":0,"majorRevision":0,"minorRevision":0},"backgroundColor":"rgba(0, 120, 212, 1)","backgroundImageUri":"/1912765875475915591/Nd05ef7c2-edce-4531-80da-79894d89f208-logoSmallFile","displayName":"Care Connect (NHS DoHS API Connector Demo App)","description":"","commitMessage":"","appUris":{"documentUri":{"value":"/1912765875475915591/Nef39c6df-75d3-47c5-aa8a-2165422e7ad6-document.msapp"},"imageUris":[],"additionalUris":[]},"createdTime":"0001-01-01T00:00:00Z","lastModifiedTime":"0001-01-01T00:00:00Z","sharedGroupsCount":0,"sharedUsersCount":0,"connectionReferences":{"96e6bc3e-28a3-4d73-b863-2ed122c8cba0":{"id":"905c30e7-5795-44ae-a407-570e1486b842","displayName":"NHS_DoHS_API","iconUri":"https://prodapiicons.cdn.powerappscdn.net/20230815t000000z08d25f89413d46a487e2ee2ea4ad92b4/customconnectoricon.png","dataSources":["NHS_DoHS_API_Connector"],"dependencies":[],"dependents":[],"parameterHints":{},"parameterHintsV2":{},"isOnPremiseConnection":false,"bypassConsent":false,"dataSets":{},"apiTier":"Standard","isCustomApiConnection":true,"actions":["GetOrganisationTypes","GetOrganisations","PostOrganisationsPostCodePlace"]}},"databaseReferences":{"default.cds":{"databaseDetails":{"referenceType":"Environmental","environmentName":"default.cds","overrideValues":{"status":"NotSpecified"}},"dataSources":{"Page Navi Tabs":{"entitySetName":"crcd4_pagenavitabses","logicalName":"crcd4_pagenavitabs"}},"actions":["providers/PowerPlatform.Governance/Operations/Read"]}},"almMode":"Environment","performanceOptimizationEnabled":true,"canConsumeAppPass":true,"enableModernRuntimeMode":false,"executionRestrictions":{"isTeamsOnly":false,"dataLossPreventionEvaluationResult":{"status":"Compliant","lastEvaluationDate":"2023-08-30T19:30:47.104459Z","violations":[],"violationsByPolicy":[],"violationErrorMessage":"The app uses the following connectors: shared_dohs-5fimported-5fcd50f11fb408e582-5f2a291c2c40cf4dbc, shared_dohs-20sandbox-5fcd50f11fb408e582-5f2a291c2c40cf4dbc, shared_dohs-20integration-2dtest-5fcd50f11fb408e582-5f2a291c2c40cf4dbc, shared_nhs-5fdohs-5fapi-5fcd50f11fb408e582-5f2a291c2c40cf4dbc, shared_commondataservice."}}},"appType":"ClassicCanvasApp","appComponents":[]}}